{
    "0.5": 0.30097087378640774,
    "5.5": 0.570873786407767,
    "10.5": 0.6815533980582524,
    "15.5": 0.7300970873786408,
    "20.5": 0.7708737864077669,
    "25.5": 0.8116504854368932,
    "30.5": 0.8543689320388349,
    "35.5": 0.8951456310679611,
    "40.5": 0.8718446601941747,
    "45.5": 0.8970873786407767,
    "50.5": 0.8970873786407767,
    "55.5": 0.8951456310679611,
    "60.5": 0.8932038834951456,
    "65.5": 0.9087378640776699,
    "70.5": 0.9048543689320387,
    "75.5": 0.9048543689320387,
    "80.5": 0.9184466019417475,
    "85.5": 0.920388349514563,
    "90.5": 0.9067961165048544,
    "95.5": 0.8932038834951456
}