{
    "0.5": 0.39999999999999997,
    "5.5": 0.5320388349514563,
    "10.5": 0.6757281553398058,
    "15.5": 0.7495145631067961,
    "20.5": 0.7922330097087378,
    "25.5": 0.8194174757281553,
    "30.5": 0.8349514563106796,
    "35.5": 0.8621359223300971,
    "40.5": 0.8815533980582524,
    "45.5": 0.8815533980582524,
    "50.5": 0.8854368932038834,
    "55.5": 0.9087378640776699,
    "60.5": 0.8990291262135922,
    "65.5": 0.9087378640776699,
    "70.5": 0.9009708737864077,
    "75.5": 0.9029126213592232,
    "80.5": 0.8951456310679611,
    "85.5": 0.9087378640776699,
    "90.5": 0.8951456310679611,
    "95.5": 0.9029126213592232
}