{
    "0.5": 0.47766990291262135,
    "5.5": 0.5941747572815533,
    "10.5": 0.6485436893203883,
    "15.5": 0.6854368932038835,
    "20.5": 0.7902912621359223,
    "25.5": 0.7980582524271844,
    "30.5": 0.8834951456310679,
    "35.5": 0.8660194174757281,
    "40.5": 0.8796116504854369,
    "45.5": 0.8796116504854369,
    "50.5": 0.8854368932038834,
    "55.5": 0.9029126213592232,
    "60.5": 0.9106796116504854,
    "65.5": 0.9009708737864077,
    "70.5": 0.8990291262135922,
    "75.5": 0.9048543689320387,
    "80.5": 0.9106796116504854,
    "85.5": 0.9184466019417475,
    "90.5": 0.9126213592233009,
    "95.5": 0.8990291262135922
}