{
    "0.5": 0.5631,
    "5.5": 0.6563106796116505,
    "10.5": 0.6970873786407766,
    "15.5": 0.7533980582524271,
    "20.5": 0.8077669902912621,
    "25.5": 0.7922330097087378,
    "30.5": 0.8776699029126214,
    "35.5": 0.8466019417475728,
    "40.5": 0.8621359223300971,
    "45.5": 0.8893203883495145,
    "50.5": 0.8893203883495145,
    "55.5": 0.8893203883495145,
    "60.5": 0.9009708737864077,
    "65.5": 0.8990291262135922,
    "70.5": 0.9184466019417475,
    "75.5": 0.8970873786407767,
    "80.5": 0.9126213592233009,
    "85.5": 0.9106796116504854,
    "90.5": 0.9145631067961165,
    "95.5": 0.9106796116504854
}