{
    "5.0": [
        0.403921568627451,
        0.45098039215686275,
        0.403921568627451
    ],
    "10.0": [
        0.3607843137254902,
        0.47058823529411764,
        0.44705882352941173,
        0.4588235294117647,
        0.4392156862745098,
        0.43137254901960786
    ],
    "15.0": [
        0.4196078431372549,
        0.38431372549019605,
        0.47058823529411764
    ],
    "20.0": [
        0.5098039215686274,
        0.49411764705882355,
        0.49411764705882355,
        0.49019607843137253,
        0.4784313725490196,
        0.5098039215686274
    ],
    "25.0": [
        0.5568627450980392,
        0.5764705882352941,
        0.5647058823529412
    ],
    "30.0": [
        0.5686274509803921,
        0.5647058823529412,
        0.596078431372549
    ],
    "35.0": [
        0.615686274509804,
        0.5882352941176471,
        0.6
    ],
    "40.0": [
        0.592156862745098,
        0.615686274509804,
        0.6078431372549019,
        0.6588235294117647,
        0.5882352941176471,
        0.6274509803921569
    ],
    "45.0": [
        0.6431372549019607,
        0.6274509803921569,
        0.6470588235294118
    ],
    "50.0": [
        0.6627450980392157,
        0.6196078431372549,
        0.6823529411764706
    ],
    "80.0": [
        0.7568627450980392,
        0.7725490196078432,
        0.7725490196078432
    ]
}