{
    "5.0": [
        0.5450980392156862,
        0.5450980392156862,
        0.5647058823529412
    ],
    "10.0": [
        0.615686274509804,
        0.6196078431372549,
        0.596078431372549,
        0.6039215686274509,
        0.6392156862745098,
        0.6352941176470588,
        0.611764705882353,
        0.6313725490196078,
        0.6078431372549019,
        0.615686274509804
    ],
    "15.0": [
        0.6431372549019607,
        0.6509803921568628,
        0.6196078431372549
    ],
    "20.0": [
        0.7215686274509804,
        0.7019607843137254,
        0.6980392156862745,
        0.6862745098039216,
        0.6862745098039216,
        0.7294117647058823
    ],
    "25.0": [
        0.7372549019607844,
        0.7529411764705882,
        0.7647058823529411
    ],
    "30.0": [
        0.7803921568627451,
        0.7490196078431373,
        0.7568627450980392
    ],
    "35.0": [
        0.796078431372549,
        0.7843137254901961,
        0.7843137254901961
    ],
    "40.0": [
        0.807843137254902,
        0.796078431372549,
        0.8313725490196078,
        0.788235294117647,
        0.8117647058823529,
        0.807843137254902
    ],
    "45.0": [
        0.796078431372549,
        0.803921568627451,
        0.8117647058823529
    ],
    "50.0": [
        0.8313725490196078,
        0.8352941176470589,
        0.792156862745098
    ],
    "80.0": [
        0.8745098039215686,
        0.8823529411764706,
        0.8745098039215686
    ]
}