{
    "5.5": 0.6563106796116505,
    "10.5": 0.6466019417475728,
    "15.5": 0.7067961165048543,
    "20.5": 0.7553398058252427,
    "25.5": 0.8174757281553398,
    "30.5": 0.8388349514563106,
    "35.5": 0.8504854368932039,
    "40.5": 0.8699029126213592,
    "45.5": 0.8796116504854369,
    "50.5": 0.8757281553398057,
    "55.5": 0.8776699029126214,
    "60.5": 0.916504854368932,
    "65.5": 0.9067961165048544,
    "70.5": 0.9126213592233009,
    "75.5": 0.9106796116504854,
    "80.5": 0.9106796116504854,
    "85.5": 0.9145631067961165,
    "90.5": 0.9145631067961165,
    "95.5": 0.9087378640776699
}