{
    "5.5": 0.6485436893203883,
    "10.5": 0.687378640776699,
    "15.5": 0.7825242718446601,
    "20.5": 0.8213592233009709,
    "25.5": 0.8233009708737864,
    "30.5": 0.8291262135922329,
    "35.5": 0.8504854368932039,
    "40.5": 0.8407766990291262,
    "45.5": 0.887378640776699,
    "50.5": 0.8893203883495145,
    "55.5": 0.8932038834951456,
    "60.5": 0.8893203883495145,
    "65.5": 0.9009708737864077,
    "70.5": 0.887378640776699,
    "75.5": 0.8970873786407767,
    "80.5": 0.8970873786407767,
    "85.5": 0.8990291262135922,
    "90.5": 0.9048543689320387,
    "95.5": 0.9029126213592232
}