{
    "5.5": 0.6135922330097087,
    "10.5": 0.7048543689320388,
    "15.5": 0.7262135922330096,
    "20.5": 0.8174757281553398,
    "25.5": 0.8446601941747572,
    "30.5": 0.8563106796116504,
    "35.5": 0.8679611650485437,
    "40.5": 0.8679611650485437,
    "45.5": 0.8737864077669902,
    "50.5": 0.8912621359223301,
    "55.5": 0.8932038834951456,
    "60.5": 0.9029126213592232,
    "65.5": 0.8893203883495145,
    "70.5": 0.8990291262135922,
    "75.5": 0.9029126213592232,
    "80.5": 0.9320388349514562,
    "85.5": 0.8912621359223301,
    "90.5": 0.9029126213592232,
    "95.5": 0.9087378640776699
}