{
    "5.5": 0.6601941747572815,
    "10.5": 0.716504854368932,
    "15.5": 0.7067961165048543,
    "20.5": 0.7902912621359223,
    "25.5": 0.8407766990291262,
    "30.5": 0.8446601941747572,
    "35.5": 0.858252427184466,
    "40.5": 0.8543689320388349,
    "45.5": 0.8699029126213592,
    "50.5": 0.8796116504854369,
    "55.5": 0.887378640776699,
    "60.5": 0.9126213592233009,
    "65.5": 0.8951456310679611,
    "70.5": 0.8912621359223301,
    "75.5": 0.9009708737864077,
    "80.5": 0.9106796116504854,
    "85.5": 0.8932038834951456,
    "90.5": 0.920388349514563,
    "95.5": 0.9106796116504854
}