{
    "5.5": 0.6524271844660194,
    "10.5": 0.7203883495145631,
    "15.5": 0.7592233009708738,
    "20.5": 0.7922330097087378,
    "25.5": 0.8427184466019417,
    "30.5": 0.8543689320388349,
    "35.5": 0.8679611650485437,
    "40.5": 0.8524271844660194,
    "45.5": 0.8796116504854369,
    "50.5": 0.887378640776699,
    "55.5": 0.8951456310679611,
    "60.5": 0.8970873786407767,
    "65.5": 0.8893203883495145,
    "70.5": 0.9067961165048544,
    "75.5": 0.9106796116504854,
    "80.5": 0.9029126213592232,
    "85.5": 0.9067961165048544,
    "90.5": 0.9106796116504854,
    "95.5": 0.9126213592233009
}