{
    "5.5": 0.6660194174757281,
    "10.5": 0.716504854368932,
    "15.5": 0.7320388349514563,
    "20.5": 0.7514563106796116,
    "25.5": 0.8388349514563106,
    "30.5": 0.8466019417475728,
    "35.5": 0.8737864077669902,
    "40.5": 0.8776699029126214,
    "45.5": 0.8854368932038834,
    "50.5": 0.8970873786407767,
    "55.5": 0.8854368932038834,
    "60.5": 0.8815533980582524,
    "65.5": 0.8932038834951456,
    "70.5": 0.9087378640776699,
    "75.5": 0.8951456310679611,
    "80.5": 0.9126213592233009,
    "85.5": 0.9029126213592232,
    "90.5": 0.9029126213592232,
    "95.5": 0.9029126213592232
}