{
    "5.5": 0.5631067961165048,
    "10.5": 0.6174757281553398,
    "15.5": 0.6990291262135923,
    "20.5": 0.7359223300970873,
    "25.5": 0.7786407766990291,
    "30.5": 0.7669902912621359,
    "35.5": 0.8038834951456311,
    "40.5": 0.8135922330097087,
    "45.5": 0.8310679611650486,
    "50.5": 0.8271844660194174,
    "55.5": 0.8504854368932039,
    "60.5": 0.8718446601941747,
    "65.5": 0.8737864077669902,
    "70.5": 0.8621359223300971,
    "75.5": 0.8834951456310679,
    "80.5": 0.887378640776699,
    "85.5": 0.8893203883495145,
    "90.5": 0.9184466019417475,
    "95.5": 0.8796116504854369
}