{
    "5.5": 0.6427184466019418,
    "10.5": 0.7009708737864078,
    "15.5": 0.7300970873786408,
    "20.5": 0.7669902912621359,
    "25.5": 0.8310679611650486,
    "30.5": 0.8194174757281553,
    "35.5": 0.8543689320388349,
    "40.5": 0.8660194174757281,
    "45.5": 0.8796116504854369,
    "50.5": 0.8990291262135922,
    "55.5": 0.8776699029126214,
    "60.5": 0.8951456310679611,
    "65.5": 0.8932038834951456,
    "70.5": 0.8990291262135922,
    "75.5": 0.8990291262135922,
    "80.5": 0.9087378640776699,
    "85.5": 0.9126213592233009,
    "90.5": 0.9126213592233009,
    "95.5": 0.9281553398058252
}