{
    "5.5": 0.687378640776699,
    "10.5": 0.7145631067961165,
    "15.5": 0.7883495145631068,
    "20.5": 0.8155339805825242,
    "25.5": 0.8621359223300971,
    "30.5": 0.8621359223300971,
    "35.5": 0.8757281553398057,
    "40.5": 0.8640776699029126,
    "45.5": 0.8854368932038834,
    "50.5": 0.8699029126213592,
    "55.5": 0.8951456310679611,
    "60.5": 0.8970873786407767,
    "65.5": 0.9087378640776699,
    "70.5": 0.9067961165048544,
    "75.5": 0.9009708737864077,
    "80.5": 0.9087378640776699,
    "85.5": 0.9087378640776699,
    "90.5": 0.9126213592233009,
    "95.5": 0.9184466019417475
}