{
    "0.5": 0.4990291262135922,
    "5.5": 0.6679611650485436,
    "10.5": 0.6912621359223301,
    "15.5": 0.7145631067961165,
    "20.5": 0.7805825242718446,
    "25.5": 0.8038834951456311,
    "30.5": 0.7961165048543689,
    "35.5": 0.8135922330097087,
    "40.5": 0.8252427184466019,
    "45.5": 0.8407766990291262,
    "50.5": 0.8349514563106796,
    "55.5": 0.8388349514563106,
    "60.5": 0.8660194174757281,
    "65.5": 0.8660194174757281,
    "70.5": 0.8815533980582524,
    "75.5": 0.8815533980582524,
    "80.5": 0.8932038834951456,
    "85.5": 0.8932038834951456,
    "90.5": 0.9106796116504854,
    "95.5": 0.8951456310679611
}