{
    "0.5": 0.37087378640776697,
    "5.5": 0.6621359223300971,
    "10.5": 0.7067961165048543,
    "15.5": 0.7359223300970873,
    "20.5": 0.7669902912621359,
    "25.5": 0.8038834951456311,
    "30.5": 0.8330097087378641,
    "35.5": 0.8135922330097087,
    "40.5": 0.8252427184466019,
    "45.5": 0.8485436893203883,
    "50.5": 0.8368932038834951,
    "55.5": 0.8485436893203883,
    "60.5": 0.8699029126213592,
    "65.5": 0.887378640776699,
    "70.5": 0.8854368932038834,
    "75.5": 0.8757281553398057,
    "80.5": 0.8990291262135922,
    "85.5": 0.8893203883495145,
    "90.5": 0.8834951456310679,
    "95.5": 0.9067961165048544
}