{
    "0.5": 0.47766990291262135,
    "5.5": 0.6776699029126213,
    "10.5": 0.7184466019417476,
    "15.5": 0.7398058252427184,
    "20.5": 0.7766990291262136,
    "25.5": 0.7922330097087378,
    "30.5": 0.8116504854368932,
    "35.5": 0.7961165048543689,
    "40.5": 0.8271844660194174,
    "45.5": 0.8485436893203883,
    "50.5": 0.8621359223300971,
    "55.5": 0.858252427184466,
    "60.5": 0.8699029126213592,
    "65.5": 0.9009708737864077,
    "70.5": 0.8834951456310679,
    "75.5": 0.8601941747572815,
    "80.5": 0.887378640776699,
    "85.5": 0.8912621359223301,
    "90.5": 0.9029126213592232,
    "95.5": 0.9087378640776699
}