{
    "0.5": 0.5631,
    "5.5": 0.5766990291262135,
    "10.5": 0.6174757281553398,
    "15.5": 0.633009708737864,
    "20.5": 0.683495145631068,
    "25.5": 0.6660194174757281,
    "30.5": 0.7262135922330096,
    "35.5": 0.6796116504854368,
    "40.5": 0.7067961165048543,
    "45.5": 0.7553398058252427,
    "50.5": 0.7572815533980582,
    "55.5": 0.7592233009708738,
    "60.5": 0.7631067961165048,
    "65.5": 0.7941747572815534,
    "70.5": 0.8155339805825242,
    "75.5": 0.8330097087378641,
    "80.5": 0.8407766990291262,
    "85.5": 0.8621359223300971,
    "90.5": 0.8640776699029126,
    "95.5": 0.8951456310679611
}