{
    "0.5": 0.5631,
    "5.5": 0.6349514563106796,
    "10.5": 0.6679611650485436,
    "15.5": 0.7281553398058253,
    "20.5": 0.7417475728155339,
    "25.5": 0.7728155339805824,
    "30.5": 0.7786407766990291,
    "35.5": 0.7999999999999999,
    "40.5": 0.7999999999999999,
    "45.5": 0.7961165048543689,
    "50.5": 0.8135922330097087,
    "55.5": 0.8077669902912621,
    "60.5": 0.8330097087378641,
    "65.5": 0.8524271844660194,
    "70.5": 0.8524271844660194,
    "75.5": 0.8563106796116504,
    "80.5": 0.858252427184466,
    "85.5": 0.8796116504854369,
    "90.5": 0.8912621359223301,
    "95.5": 0.9029126213592232
}