{
    "0.5": 0.5631,
    "5.5": 0.5941747572815533,
    "10.5": 0.7106796116504854,
    "15.5": 0.7281553398058253,
    "20.5": 0.7611650485436893,
    "25.5": 0.7864077669902912,
    "30.5": 0.7883495145631068,
    "35.5": 0.8116504854368932,
    "40.5": 0.8077669902912621,
    "45.5": 0.8077669902912621,
    "50.5": 0.8485436893203883,
    "55.5": 0.8213592233009709,
    "60.5": 0.8466019417475728,
    "65.5": 0.8368932038834951,
    "70.5": 0.8524271844660194,
    "75.5": 0.8466019417475728,
    "80.5": 0.8601941747572815,
    "85.5": 0.8718446601941747,
    "90.5": 0.8757281553398057,
    "95.5": 0.8796116504854369
}