{
    "0.5": 0.5631,
    "5.5": 0.6097087378640776,
    "10.5": 0.5922330097087378,
    "15.5": 0.654368932038835,
    "20.5": 0.6757281553398058,
    "25.5": 0.687378640776699,
    "30.5": 0.7339805825242718,
    "35.5": 0.7203883495145631,
    "40.5": 0.7106796116504854,
    "45.5": 0.7339805825242718,
    "50.5": 0.7300970873786408,
    "55.5": 0.7378640776699029,
    "60.5": 0.7708737864077669,
    "65.5": 0.7747572815533981,
    "70.5": 0.8194174757281553,
    "75.5": 0.8155339805825242,
    "80.5": 0.8388349514563106,
    "85.5": 0.8621359223300971,
    "90.5": 0.8679611650485437,
    "95.5": 0.8737864077669902
}