{
    "0.5": 0.5631,
    "5.5": 0.6077669902912621,
    "10.5": 0.6815533980582524,
    "15.5": 0.7184466019417476,
    "20.5": 0.7766990291262136,
    "25.5": 0.7766990291262136,
    "30.5": 0.7922330097087378,
    "35.5": 0.7980582524271844,
    "40.5": 0.8019417475728156,
    "45.5": 0.8058252427184466,
    "50.5": 0.8233009708737864,
    "55.5": 0.8194174757281553,
    "60.5": 0.8485436893203883,
    "65.5": 0.8330097087378641,
    "70.5": 0.8504854368932039,
    "75.5": 0.8446601941747572,
    "80.5": 0.8640776699029126,
    "85.5": 0.8776699029126214,
    "90.5": 0.8776699029126214,
    "95.5": 0.9048543689320387
}