{
    "0.5": 0.5631,
    "5.5": 0.5980582524271845,
    "10.5": 0.6135922330097087,
    "15.5": 0.6388349514563106,
    "20.5": 0.6776699029126213,
    "25.5": 0.6951456310679611,
    "30.5": 0.6893203883495145,
    "35.5": 0.687378640776699,
    "40.5": 0.716504854368932,
    "45.5": 0.7359223300970873,
    "50.5": 0.7611650485436893,
    "55.5": 0.7825242718446601,
    "60.5": 0.7786407766990291,
    "65.5": 0.8038834951456311,
    "70.5": 0.8135922330097087,
    "75.5": 0.8485436893203883,
    "80.5": 0.8330097087378641,
    "85.5": 0.8601941747572815,
    "90.5": 0.8737864077669902,
    "95.5": 0.887378640776699
}