{
    "0.5": 0.5631,
    "5.5": 0.6368932038834951,
    "10.5": 0.7087378640776699,
    "15.5": 0.7223300970873786,
    "20.5": 0.7980582524271844,
    "25.5": 0.8077669902912621,
    "30.5": 0.8233009708737864,
    "35.5": 0.8640776699029126,
    "40.5": 0.8660194174757281,
    "45.5": 0.8912621359223301,
    "50.5": 0.8932038834951456,
    "55.5": 0.8990291262135922,
    "60.5": 0.9048543689320387,
    "65.5": 0.8893203883495145,
    "70.5": 0.9048543689320387,
    "75.5": 0.8970873786407767,
    "80.5": 0.9087378640776699,
    "85.5": 0.9067961165048544,
    "90.5": 0.9009708737864077,
    "95.5": 0.8854368932038834
}