{
    "0.5": [
        0.458252427184466,
        0.541747572815534,
        0.3669902912621359
    ],
    "1.0": [
        0.5592233009708738,
        0.4640776699029126,
        0.4893203883495145
    ]
}