{
    "1.5": [
        0.541747572815534,
        0.5514563106796116,
        0.5941747572815533
    ],
    "2.0": [
        0.5689320388349515,
        0.5611650485436893,
        0.5669902912621358
    ]
}