{
    "0.5": [
        0.47766990291262135,
        0.4174757281553398,
        0.43300970873786404
    ],
    "1.0": [
        0.541747572815534,
        0.5398058252427185
    ]
}