{
    "0.5": [
        0.39223300970873787,
        0.43106796116504853,
        0.3048543689320388
    ],
    "1.0": [
        0.3339805825242718,
        0.39999999999999997,
        0.35145631067961164
    ]
}