{
    "1.5": [
        0.37087378640776697,
        0.34757281553398056,
        0.3436893203883495
    ],
    "2.0": [
        0.312621359223301,
        0.3883495145631068,
        0.37281553398058254
    ]
}