{
    "1.5": [
        0.3145631067961165,
        0.43300970873786404,
        0.37281553398058254
    ],
    "2.0": [
        0.3941747572815534,
        0.43300970873786404,
        0.3902912621359223
    ]
}