{
    "0.5": [
        0.4621359223300971,
        0.3902912621359223,
        0.2796116504854369
    ],
    "1.0": [
        0.4077669902912621,
        0.39805825242718446,
        0.3611650485436893
    ]
}