{
    "0.5": 0.4640776699029126,
    "5.5": 0.5689320388349515,
    "10.5": 0.6640776699029126,
    "15.5": 0.7223300970873786,
    "20.5": 0.7553398058252427,
    "25.5": 0.7922330097087378,
    "30.5": 0.8233009708737864,
    "35.5": 0.8466019417475728,
    "40.5": 0.8446601941747572,
    "45.5": 0.8563106796116504,
    "50.5": 0.8563106796116504,
    "55.5": 0.8660194174757281,
    "60.5": 0.8640776699029126,
    "65.5": 0.8737864077669902,
    "70.5": 0.8776699029126214,
    "75.5": 0.8912621359223301,
    "80.5": 0.8970873786407767,
    "85.5": 0.9087378640776699,
    "90.5": 0.9048543689320387,
    "95.5": 0.8932038834951456
}