{
    "0.5": 0.34757281553398056,
    "5.5": 0.6563106796116505,
    "10.5": 0.6854368932038835,
    "15.5": 0.7145631067961165,
    "20.5": 0.7650485436893204,
    "25.5": 0.7941747572815534,
    "30.5": 0.8038834951456311,
    "35.5": 0.8155339805825242,
    "40.5": 0.8174757281553398,
    "45.5": 0.8194174757281553,
    "50.5": 0.8310679611650486,
    "55.5": 0.8310679611650486,
    "60.5": 0.8621359223300971,
    "65.5": 0.8660194174757281,
    "70.5": 0.8407766990291262,
    "75.5": 0.8679611650485437,
    "80.5": 0.9067961165048544,
    "85.5": 0.8951456310679611,
    "90.5": 0.8990291262135922,
    "95.5": 0.9184466019417475
}