{
    "0.5": 0.45631067961165045,
    "5.5": 0.6563106796116505,
    "10.5": 0.7106796116504854,
    "15.5": 0.7378640776699029,
    "20.5": 0.7611650485436893,
    "25.5": 0.7980582524271844,
    "30.5": 0.7786407766990291,
    "35.5": 0.8330097087378641,
    "40.5": 0.8427184466019417,
    "45.5": 0.8524271844660194,
    "50.5": 0.8601941747572815,
    "55.5": 0.8757281553398057,
    "60.5": 0.8776699029126214,
    "65.5": 0.8776699029126214,
    "70.5": 0.8815533980582524,
    "75.5": 0.8951456310679611,
    "80.5": 0.8932038834951456,
    "85.5": 0.9009708737864077,
    "90.5": 0.9106796116504854,
    "95.5": 0.8854368932038834
}