{
    "0.5": 0.47184466019417476,
    "5.5": 0.6233009708737863,
    "10.5": 0.6213592233009708,
    "15.5": 0.6563106796116505,
    "20.5": 0.7650485436893204,
    "25.5": 0.7650485436893204,
    "30.5": 0.7902912621359223,
    "35.5": 0.8174757281553398,
    "40.5": 0.7902912621359223,
    "45.5": 0.8291262135922329,
    "50.5": 0.8349514563106796,
    "55.5": 0.8485436893203883,
    "60.5": 0.8699029126213592,
    "65.5": 0.8699029126213592,
    "70.5": 0.8796116504854369,
    "75.5": 0.8912621359223301,
    "80.5": 0.887378640776699,
    "85.5": 0.8951456310679611,
    "90.5": 0.9067961165048544,
    "95.5": 0.8893203883495145
}