{
    "0.5": 0.3203883495145631,
    "5.5": 0.6116504854368932,
    "10.5": 0.6563106796116505,
    "15.5": 0.6737864077669903,
    "20.5": 0.7592233009708738,
    "25.5": 0.7359223300970873,
    "30.5": 0.7961165048543689,
    "35.5": 0.7941747572815534,
    "40.5": 0.7980582524271844,
    "45.5": 0.8485436893203883,
    "50.5": 0.8504854368932039,
    "55.5": 0.8679611650485437,
    "60.5": 0.8601941747572815,
    "65.5": 0.8640776699029126,
    "70.5": 0.8815533980582524,
    "75.5": 0.8757281553398057,
    "80.5": 0.887378640776699,
    "85.5": 0.8893203883495145,
    "90.5": 0.9009708737864077,
    "95.5": 0.9087378640776699
}