{
    "0.5": 0.45242718446601937,
    "5.5": 0.5980582524271845,
    "10.5": 0.6640776699029126,
    "15.5": 0.6893203883495145,
    "20.5": 0.7242718446601941,
    "25.5": 0.7242718446601941,
    "30.5": 0.7631067961165048,
    "35.5": 0.8116504854368932,
    "40.5": 0.8233009708737864,
    "45.5": 0.8233009708737864,
    "50.5": 0.8310679611650486,
    "55.5": 0.8446601941747572,
    "60.5": 0.8679611650485437,
    "65.5": 0.8563106796116504,
    "70.5": 0.8718446601941747,
    "75.5": 0.8796116504854369,
    "80.5": 0.8834951456310679,
    "85.5": 0.8951456310679611,
    "90.5": 0.8990291262135922,
    "95.5": 0.9184466019417475
}