{
    "0.5": 0.4155339805825243,
    "5.5": 0.5844660194174757,
    "10.5": 0.6815533980582524,
    "15.5": 0.7378640776699029,
    "20.5": 0.7980582524271844,
    "25.5": 0.7922330097087378,
    "30.5": 0.8640776699029126,
    "35.5": 0.8504854368932039,
    "40.5": 0.8776699029126214,
    "45.5": 0.8815533980582524,
    "50.5": 0.8932038834951456,
    "55.5": 0.8912621359223301,
    "60.5": 0.9009708737864077,
    "65.5": 0.9009708737864077,
    "70.5": 0.9067961165048544,
    "75.5": 0.9126213592233009,
    "80.5": 0.9281553398058252,
    "85.5": 0.8990291262135922,
    "90.5": 0.9126213592233009,
    "95.5": 0.9009708737864077
}