{
    "0.5": 0.458252427184466,
    "5.5": 0.6524271844660194,
    "10.5": 0.6912621359223301,
    "15.5": 0.7611650485436893,
    "20.5": 0.7941747572815534,
    "25.5": 0.8310679611650486,
    "30.5": 0.8446601941747572,
    "35.5": 0.8388349514563106,
    "40.5": 0.858252427184466,
    "45.5": 0.8815533980582524,
    "50.5": 0.8815533980582524,
    "55.5": 0.9067961165048544,
    "60.5": 0.9048543689320387,
    "65.5": 0.8912621359223301,
    "70.5": 0.8932038834951456,
    "75.5": 0.8951456310679611,
    "80.5": 0.8970873786407767,
    "85.5": 0.9106796116504854,
    "90.5": 0.8932038834951456,
    "95.5": 0.9106796116504854
}