{
    "0.5": 0.34951456310679613,
    "5.5": 0.5883495145631068,
    "10.5": 0.683495145631068,
    "15.5": 0.7339805825242718,
    "20.5": 0.7650485436893204,
    "25.5": 0.8194174757281553,
    "30.5": 0.8291262135922329,
    "35.5": 0.8757281553398057,
    "40.5": 0.8601941747572815,
    "45.5": 0.8854368932038834,
    "50.5": 0.8990291262135922,
    "55.5": 0.8970873786407767,
    "60.5": 0.8834951456310679,
    "65.5": 0.9029126213592232,
    "70.5": 0.9029126213592232,
    "75.5": 0.8757281553398057,
    "80.5": 0.9029126213592232,
    "85.5": 0.9126213592233009,
    "90.5": 0.9009708737864077,
    "95.5": 0.9087378640776699
}