{
    "0.5": 0.28932038834951457,
    "5.5": 0.5631067961165048,
    "10.5": 0.6679611650485436,
    "15.5": 0.7611650485436893,
    "20.5": 0.8019417475728156,
    "25.5": 0.8291262135922329,
    "30.5": 0.8563106796116504,
    "35.5": 0.8699029126213592,
    "40.5": 0.8893203883495145,
    "45.5": 0.8990291262135922,
    "50.5": 0.8932038834951456,
    "55.5": 0.9106796116504854,
    "60.5": 0.8990291262135922,
    "65.5": 0.9009708737864077,
    "70.5": 0.9145631067961165,
    "75.5": 0.9145631067961165,
    "80.5": 0.9145631067961165,
    "85.5": 0.8854368932038834,
    "90.5": 0.9067961165048544,
    "95.5": 0.9087378640776699
}