{
    "0.5": 0.4621359223300971,
    "5.5": 0.6097087378640776,
    "10.5": 0.7106796116504854,
    "15.5": 0.7902912621359223,
    "20.5": 0.7883495145631068,
    "25.5": 0.8407766990291262,
    "30.5": 0.8427184466019417,
    "35.5": 0.8796116504854369,
    "40.5": 0.8815533980582524,
    "45.5": 0.8912621359223301,
    "50.5": 0.9009708737864077,
    "55.5": 0.8912621359223301,
    "60.5": 0.8912621359223301,
    "65.5": 0.9087378640776699,
    "70.5": 0.9087378640776699,
    "75.5": 0.9087378640776699,
    "80.5": 0.8990291262135922,
    "85.5": 0.9087378640776699,
    "90.5": 0.9067961165048544,
    "95.5": 0.9067961165048544
}