{
    "0.5": 0.4757281553398058,
    "5.5": 0.5941747572815533,
    "10.5": 0.6854368932038835,
    "15.5": 0.7417475728155339,
    "20.5": 0.8252427184466019,
    "25.5": 0.8427184466019417,
    "30.5": 0.8446601941747572,
    "35.5": 0.8796116504854369,
    "40.5": 0.8834951456310679,
    "45.5": 0.8757281553398057,
    "50.5": 0.8563106796116504,
    "55.5": 0.8834951456310679,
    "60.5": 0.8932038834951456,
    "65.5": 0.9145631067961165,
    "70.5": 0.8970873786407767,
    "75.5": 0.8932038834951456,
    "80.5": 0.9145631067961165,
    "85.5": 0.9009708737864077,
    "90.5": 0.9126213592233009,
    "95.5": 0.9067961165048544
}