{
    "0.5": 0.32815533980582523,
    "5.5": 0.6407766990291262,
    "10.5": 0.7359223300970873,
    "15.5": 0.7281553398058253,
    "20.5": 0.7902912621359223,
    "25.5": 0.7883495145631068,
    "30.5": 0.8077669902912621,
    "35.5": 0.8038834951456311,
    "40.5": 0.8330097087378641,
    "45.5": 0.8310679611650486,
    "50.5": 0.8524271844660194,
    "55.5": 0.8446601941747572,
    "60.5": 0.8621359223300971,
    "65.5": 0.8699029126213592,
    "70.5": 0.8796116504854369,
    "75.5": 0.9009708737864077,
    "80.5": 0.8815533980582524,
    "85.5": 0.9106796116504854,
    "90.5": 0.9048543689320387,
    "95.5": 0.9048543689320387
}