{
    "1.5": [
        0.38058252427184464,
        0.39223300970873787,
        0.3359223300970874
    ],
    "2.0": [
        0.33009708737864074,
        0.4174757281553398,
        0.3339805825242718
    ]
}