{
    "0.5": [
        0.3650485436893204,
        0.3339805825242718,
        0.26796116504854367
    ],
    "1.0": [
        0.39805825242718446,
        0.32233009708737864,
        0.3359223300970874
    ]
}