{
    "0.5": 0.3378640776699029,
    "5.5": 0.6679611650485436,
    "10.5": 0.7281553398058253,
    "15.5": 0.7611650485436893,
    "20.5": 0.7902912621359223,
    "25.5": 0.8019417475728156,
    "30.5": 0.8252427184466019,
    "35.5": 0.8174757281553398,
    "40.5": 0.8155339805825242,
    "45.5": 0.858252427184466,
    "50.5": 0.8543689320388349,
    "55.5": 0.8427184466019417,
    "60.5": 0.8737864077669902,
    "65.5": 0.8776699029126214,
    "70.5": 0.8854368932038834,
    "75.5": 0.9029126213592232,
    "80.5": 0.8912621359223301,
    "85.5": 0.9067961165048544,
    "90.5": 0.9048543689320387,
    "95.5": 0.8912621359223301
}