{
    "0.5": 0.3087378640776699,
    "5.5": 0.6427184466019418,
    "10.5": 0.7067961165048543,
    "15.5": 0.7320388349514563,
    "20.5": 0.7728155339805824,
    "25.5": 0.7941747572815534,
    "30.5": 0.7961165048543689,
    "35.5": 0.8135922330097087,
    "40.5": 0.8233009708737864,
    "45.5": 0.8194174757281553,
    "50.5": 0.8271844660194174,
    "55.5": 0.8466019417475728,
    "60.5": 0.858252427184466,
    "65.5": 0.8601941747572815,
    "70.5": 0.8699029126213592,
    "75.5": 0.8757281553398057,
    "80.5": 0.8854368932038834,
    "85.5": 0.8932038834951456,
    "90.5": 0.8834951456310679,
    "95.5": 0.9067961165048544
}