{
    "0.5": 0.5631,
    "10.5": 0.5106796116504854,
    "20.5": 0.7378640776699029,
    "30.5": 0.8291262135922329,
    "40.5": 0.8524271844660194,
    "50.5": 0.8990291262135922,
    "60.5": 0.9126213592233009,
    "70.5": 0.8893203883495145,
    "80.5": 0.9145631067961165,
    "90.5": 0.9262135922330097
}