{
    "0.5": 0.5631,
    "3.0": 0.6504854368932038,
    "5.5": 0.6504854368932038,
    "8.0": 0.6893203883495145,
    "10.5": 0.7378640776699029,
    "13.0": 0.7106796116504854,
    "15.5": 0.7514563106796116,
    "18.0": 0.7883495145631068,
    "20.5": 0.7980582524271844,
    "23.0": 0.7961165048543689,
    "25.5": 0.8368932038834951,
    "28.0": 0.8524271844660194,
    "30.5": 0.8640776699029126,
    "33.0": 0.8815533980582524,
    "35.5": 0.8737864077669902,
    "38.0": 0.8524271844660194,
    "40.5": 0.8737864077669902,
    "43.0": 0.8854368932038834,
    "45.5": 0.8932038834951456,
    "48.0": 0.8912621359223301,
    "50.5": 0.8815533980582524,
    "53.0": 0.9009708737864077,
    "55.5": 0.8990291262135922,
    "58.0": 0.8854368932038834,
    "60.5": 0.9048543689320387,
    "63.0": 0.8912621359223301,
    "65.5": 0.8990291262135922,
    "68.0": 0.9009708737864077
}