{
    "0.5": 0.5631,
    "20.5": 0.7203883495145631,
    "40.5": 0.8407766990291262,
    "60.5": 0.8912621359223301,
    "80.5": 0.9145631067961165
}