{
    "0.5": 0.5631,
    "3.0": 0.5786407766990291,
    "5.5": 0.6368932038834951,
    "8.0": 0.6776699029126213,
    "10.5": 0.6504854368932038,
    "13.0": 0.7087378640776699,
    "15.5": 0.7262135922330096,
    "18.0": 0.7650485436893204,
    "20.5": 0.7902912621359223,
    "23.0": 0.8330097087378641,
    "25.5": 0.8330097087378641,
    "28.0": 0.8466019417475728,
    "30.5": 0.8504854368932039,
    "33.0": 0.8776699029126214,
    "35.5": 0.8660194174757281,
    "38.0": 0.8699029126213592,
    "40.5": 0.8970873786407767,
    "43.0": 0.8796116504854369,
    "45.5": 0.887378640776699,
    "48.0": 0.8893203883495145,
    "50.5": 0.8951456310679611,
    "53.0": 0.8932038834951456,
    "55.5": 0.8912621359223301,
    "58.0": 0.887378640776699,
    "60.5": 0.887378640776699,
    "63.0": 0.8970873786407767,
    "65.5": 0.9087378640776699,
    "68.0": 0.8990291262135922
}