{
    "0.5": 0.5631,
    "3.0": 0.603883495145631,
    "5.5": 0.6446601941747573,
    "8.0": 0.6815533980582524,
    "10.5": 0.7087378640776699,
    "13.0": 0.7300970873786408,
    "15.5": 0.7262135922330096,
    "18.0": 0.7553398058252427,
    "20.5": 0.8058252427184466,
    "23.0": 0.8019417475728156,
    "25.5": 0.8213592233009709,
    "28.0": 0.8485436893203883,
    "30.5": 0.858252427184466,
    "33.0": 0.858252427184466,
    "35.5": 0.8776699029126214,
    "38.0": 0.8640776699029126,
    "40.5": 0.8776699029126214,
    "43.0": 0.8854368932038834,
    "45.5": 0.8854368932038834,
    "48.0": 0.8796116504854369,
    "50.5": 0.8951456310679611,
    "53.0": 0.8932038834951456,
    "55.5": 0.8990291262135922,
    "58.0": 0.9009708737864077,
    "60.5": 0.9106796116504854,
    "63.0": 0.9048543689320387,
    "65.5": 0.9106796116504854,
    "68.0": 0.916504854368932
}