{
    "0.5": 0.5631,
    "20.5": 0.683495145631068,
    "40.5": 0.8466019417475728,
    "60.5": 0.8990291262135922,
    "80.5": 0.9106796116504854
}