{
    "0.5": 0.5631,
    "10.5": 0.6640776699029126,
    "20.5": 0.7592233009708738,
    "30.5": 0.8407766990291262,
    "40.5": 0.8524271844660194,
    "50.5": 0.8737864077669902,
    "60.5": 0.9087378640776699,
    "70.5": 0.8951456310679611,
    "80.5": 0.9087378640776699,
    "90.5": 0.9126213592233009
}