{
    "0.5": 0.5631,
    "20.5": 0.7009708737864078,
    "40.5": 0.8135922330097087,
    "60.5": 0.8951456310679611,
    "80.5": 0.9029126213592232
}