{
    "0.5": 0.5631,
    "5.5": 0.6504854368932038,
    "10.5": 0.7184466019417476,
    "15.5": 0.7495145631067961,
    "20.5": 0.8097087378640776,
    "25.5": 0.8427184466019417,
    "30.5": 0.8543689320388349,
    "35.5": 0.8660194174757281,
    "40.5": 0.8621359223300971,
    "45.5": 0.8834951456310679,
    "50.5": 0.8776699029126214,
    "55.5": 0.8951456310679611,
    "60.5": 0.9029126213592232,
    "65.5": 0.8970873786407767,
    "70.5": 0.9029126213592232,
    "75.5": 0.9067961165048544,
    "80.5": 0.8990291262135922,
    "85.5": 0.9009708737864077,
    "90.5": 0.9048543689320387,
    "95.5": 0.9009708737864077
}