{
    "0.5": 0.5631,
    "10.5": 0.6407766990291262,
    "20.5": 0.8155339805825242,
    "30.5": 0.8349514563106796,
    "40.5": 0.8640776699029126,
    "50.5": 0.8970873786407767,
    "60.5": 0.8893203883495145,
    "70.5": 0.9184466019417475,
    "80.5": 0.8970873786407767,
    "90.5": 0.9048543689320387
}