{
    "0.5": [
        0.5320388349514563,
        0.37669902912621356,
        0.4815533980582524
    ],
    "1.0": [
        0.512621359223301,
        0.4466019417475728,
        0.5495145631067961
    ]
}