{
    "1.5": [
        0.5475728155339805,
        0.5495145631067961,
        0.5922330097087378
    ],
    "2.0": [
        0.5359223300970873,
        0.5300970873786408,
        0.5533980582524272
    ]
}