{
    "0.5": [
        0.4621359223300971,
        0.4699029126213592,
        0.3029126213592233
    ],
    "1.0": [
        0.5223300970873787,
        0.4679611650485437,
        0.5242718446601942
    ]
}