{
    "1.5": [
        0.5087378640776699,
        0.5980582524271845,
        0.43106796116504853,
        0.5514563106796116
    ],
    "2.0": [
        0.5475728155339805,
        0.6097087378640776,
        0.5223300970873787
    ]
}