{
    "0.5": [
        0.5572815533980582,
        0.4912621359223301,
        0.4174757281553398
    ],
    "1.0": [
        0.5067961165048543,
        0.545631067961165,
        0.5281553398058252
    ]
}