{
    "0.5": [
        0.43106796116504853,
        0.4116504854368932,
        0.4427184466019417
    ],
    "1.0": [
        0.4757281553398058,
        0.5223300970873787,
        0.4893203883495145
    ]
}