{
    "1.5": [
        0.45436893203883494,
        0.44854368932038835,
        0.5184466019417475,
        0.5262135922330097,
        0.541747572815534
    ],
    "2.0": [
        0.5825242718446602,
        0.596116504854369,
        0.5262135922330097
    ]
}