{
    "1.5": [
        0.5766990291262135,
        0.4757281553398058,
        0.4990291262135922
    ],
    "2.0": [
        0.5553398058252427,
        0.541747572815534,
        0.5611650485436893
    ]
}