{
    "0.5": [
        0.520388349514563,
        0.4601941747572815,
        0.5106796116504854
    ],
    "1.0": [
        0.4970873786407767,
        0.570873786407767,
        0.5223300970873787
    ]
}