{
    "1.5": [
        0.5398058252427185,
        0.5592233009708738,
        0.5825242718446602
    ],
    "2.0": [
        0.6,
        0.6116504854368932,
        0.6349514563106796
    ]
}