{
    "0.5": [
        0.4912621359223301,
        0.49514563106796117,
        0.3378640776699029
    ],
    "1.0": [
        0.45242718446601937,
        0.37281553398058254,
        0.4407766990291262
    ]
}