{
    "1.5": [
        0.574757281553398,
        0.487378640776699,
        0.570873786407767
    ],
    "2.0": [
        0.5495145631067961,
        0.5495145631067961,
        0.6019417475728155
    ]
}