{
    "0.5": [
        0.516504854368932,
        0.5378640776699029,
        0.5067961165048543
    ],
    "1.0": [
        0.48349514563106794,
        0.5980582524271845,
        0.5766990291262135
    ]
}