{
    "1.5": [
        0.4407766990291262,
        0.45436893203883494,
        0.44854368932038835
    ],
    "2.0": [
        0.4854368932038835,
        0.45436893203883494,
        0.545631067961165
    ]
}