{
    "5.0": [
        0.596078431372549,
        0.5686274509803921,
        0.5843137254901961
    ],
    "10.0": [
        0.6509803921568628,
        0.6627450980392157,
        0.6666666666666666
    ],
    "15.0": [
        0.6901960784313725,
        0.7137254901960784,
        0.6941176470588235
    ],
    "20.0": [
        0.7568627450980392,
        0.7568627450980392,
        0.7333333333333333,
        0.7411764705882353,
        0.7294117647058823,
        0.7411764705882353
    ],
    "25.0": [
        0.8117647058823529,
        0.796078431372549,
        0.803921568627451
    ],
    "30.0": [
        0.8235294117647058,
        0.8196078431372549,
        0.8274509803921568
    ],
    "35.0": [
        0.8352941176470589,
        0.8588235294117647,
        0.8313725490196078
    ],
    "40.0": [
        0.8509803921568627,
        0.8549019607843137,
        0.8235294117647058,
        0.8549019607843137,
        0.8352941176470589,
        0.8392156862745098
    ],
    "45.0": [
        0.8745098039215686,
        0.8588235294117647,
        0.8627450980392157
    ],
    "50.0": [
        0.8588235294117647,
        0.8705882352941177,
        0.8705882352941177
    ],
    "80.0": [
        0.9176470588235294,
        0.9215686274509803,
        0.9254901960784314
    ]
}