{
    "0.5": [
        0.48349514563106794
    ],
    "2.0": [
        0.5631067961165048
    ]
}