{
    "0.5": [
        0.37087378640776697
    ],
    "2.0": [
        0.4621359223300971
    ]
}