{
    "0.5": [
        0.520388349514563
    ],
    "2.0": [
        0.5592233009708738
    ]
}